cs4414projectpi,Modest Mouse,The Moon & Antarctica [Reissue],Perfect Disguise,1
cs4414projectpi,Modest Mouse,The Moon & Antarctica [Reissue],Dark Center Of The Universe,2
cs4414projectpi,Modest Mouse,The Moon & Antarctica [Reissue],Gravity Rides Everything,3
cs4414projectpi,Modest Mouse,The Moon & Antarctica [Reissue],Tiny Cities Made Of Ashes,4
cs4414projectpi,Modest Mouse,Good News For People Who Love Bad News,Horn Intro,5
cs4414projectpi,Modest Mouse,Good News For People Who Love Bad News,Ocean Breathes Salty,6
cs4414projectpi,Modest Mouse,Good News For People Who Love Bad News,Dig Your Grave,7
cs4414projectpi,Modest Mouse,Good News For People Who Love Bad News,The World At Large,8
cs4414projectpi,Modest Mouse,Good News For People Who Love Bad News,Float On,9
cs4414projectpi,Cage The Elephant,Cage The Elephant,Back Against The Wall,10
cs4414projectpi,Cage The Elephant,Cage The Elephant,Soil to the Sun,11
cs4414projectpi,Cage The Elephant,Cage The Elephant,Judas,12
cs4414projectpi,Cage The Elephant,Cage The Elephant,Tiny Little Robots,13
cs4414projectpi,Cage The Elephant,Cage The Elephant,James Brown,14
cs4414projectpi,Cage The Elephant,Cage The Elephant,Free Love,15
cs4414projectpi,Cage The Elephant,Cage The Elephant,Back Stabbin Betty,16
cs4414projectpi,Cage The Elephant,Cage The Elephant,In One Ear,17
cs4414projectpi,Cage The Elephant,Cage The Elephant,Lotus,18
cs4414projectpi,Cage The Elephant,Cage The Elephant,Drones in the Valley,19
cs4414projectpi,Cage The Elephant,Cage The Elephant,Ain't No Rest for the Wicked,20
cs4414projectpi,Dave Matthews Band,Live In Atlantic City - Disc 2,Ants Marching > Intro > Halloween >,21
cs4414projectpi,Dave Matthews Band,Live In Atlantic City - Disc 2,Too Much,22
cs4414projectpi,Dave Matthews Band,Live In Atlantic City - Disc 2,Ants Marching,23
cs4414projectpi,Dave Matthews Band,Live In Atlantic City - Disc 1,Tripping Billies,24
cs4414projectpi,Dave Matthews Band,Live In Atlantic City - Disc 1,Seek Up,25
cs4414projectpi,Dave Matthews Band,Live In Atlantic City - Disc 2,Thank You (Falletin Me Be Mice Elf Agin),26
cs4414projectpi,Dave Matthews Band,Live In Atlantic City - Disc 2,Sweet Emotion,27
cs4414projectpi,Dave Matthews Band,Live In Atlantic City - Disc 1,Warehouse,28
cs4414projectpi,Dave Matthews Band,Live In Atlantic City - Disc 2,Dive In,29
cs4414projectpi,Dave Matthews Band,Live In Atlantic City - Disc 1,Lying In The Hands Of God,30
cs4414projectpi,Dave Matthews Band,Live In Atlantic City - Disc 1,One Sweet World,31
cs4414projectpi,Dave Matthews Band,Live In Atlantic City - Disc 1,Kill the King,32
cs4414projectpi,Dave Matthews Band,Live In Atlantic City - Disc 1,What Would You Say,33
cs4414projectpi,Dave Matthews Band,Live In Atlantic City - Disc 2,So Much To Say,34
cs4414projectpi,Dave Matthews Band,Live In Atlantic City - Disc 2,All Along The Watchtower,35
cs4414projectpi,Dave Matthews Band,Live In Atlantic City - Disc 2,Raven,36
cs4414projectpi,Dave Matthews Band,Live In Atlantic City - Disc 1,Granny,37
cs4414projectpi,Dave Matthews Band,Live In Atlantic City - Disc 1,Digging A Ditch,38
cs4414projectpi,Bright Eyes,I'm Wide Awake It's Morning,Poison Oak,39
cs4414projectpi,Bright Eyes,I'm Wide Awake It's Morning,Lua,40
cs4414projectpi,Bright Eyes,I'm Wide Awake It's Morning,Train Under Water,41
cs4414projectpi,Modest Mouse,The Moon & Antarctica [Reissue],3rd Planet,42
cs4414projectpi,Bright Eyes,I'm Wide Awake It's Morning,Road to Joy,43
cs4414projectpi,Bright Eyes,I'm Wide Awake It's Morning,First Day of My Life,44
cs4414projectpi,Bright Eyes,I'm Wide Awake It's Morning,Land Locked Blues,45
cs4414projectpi,Bright Eyes,I'm Wide Awake It's Morning,We Are Nowhere and It's Now,46
cs4414projectpi,Bright Eyes,I'm Wide Awake It's Morning,Old Soul Song [For the New World Order],47
cs4414projectpi,Bright Eyes,I'm Wide Awake It's Morning,At the Bottom of Everything,48
cs4414projectpi,Bright Eyes,I'm Wide Awake It's Morning,Another Travelin' Song,49
